{
  "$schema": "http://json-schema.org/draft-07/schema#",
  "type": "object",
  "required": ["id", "type", "timestamp", "command", "payload"],
  "properties": {
    "command": {"const": "auth/login_ack"},
    "type": {"enum": ["response"]},
    "payload": {
      "type": "object",
      "required": ["status"],
      "properties": {
        "status": {"type": "integer"},
        "token": {"type": "string"},
        "user_id": {"type": "string"},
        "expires_in": {"type": "integer", "minimum": 0},
        "error_message": {"type": "string"},
        "error_code": {"type": "integer"}
      },
      "additionalProperties": true
    }
  }
}
