{
  "$schema": "http://json-schema.org/draft-07/schema#",
  "type": "object",
  "required": ["id", "type", "timestamp", "command", "payload"],
  "properties": {
    "command": {"const": "file/request_ack"},
    "payload": {
      "type": "object",
      "required": ["status"],
      "properties": {
        "status": {"type": "integer"},
        "session_id": {"type": "string"},
        "error_message": {"type": "string"},
        "room_id": {"type": ["string", "null"]},
        "sessions": {
          "type": "array",
          "items": {
            "type": "object",
            "required": ["session_id", "target_id"],
            "properties": {
              "session_id": {"type": "string"},
              "target_id": {"type": "string"}
            }
          }
        }
      }
    }
  }
}
