{
  "$schema": "http://json-schema.org/draft-07/schema#",
  "type": "object",
  "required": ["id", "type", "timestamp", "command", "payload"],
  "properties": {
    "command": {"const": "file/error"},
    "payload": {
      "type": "object",
      "properties": {
        "session_id": {"type": "string"},
        "error_message": {"type": "string"},
        "status": {"type": ["string", "integer"]}
      },
      "anyOf": [
        {"required": ["session_id", "error_message"]},
        {"required": ["session_id", "status"]}
      ]
    }
  }
}
