{
  "$schema": "http://json-schema.org/draft-07/schema#",
  "type": "object",
  "required": ["id", "type", "timestamp", "command", "payload"],
  "properties": {
    "command": {"const": "room/join"},
    "payload": {
      "type": "object",
      "properties": {
        "room_id": {"type": "string"},
        "password": {"type": "string"},
        "status": {"type": "integer"},
        "encrypted": {"type": "boolean"},
        "owner": {"type": "string"},
        "created_at": {"type": "integer"},
        "members": {
          "type": "array",
          "items": {"type": "string"}
        },
        "error_message": {"type": "string"}
      },
      "required": ["room_id"]
    }
  }
}
